{"cameraMode":{"drawMode":0,"name":"Shaded","section":"Shading Mode"},"sceneLighting":false,"audioPlay":false,"sceneViewState":{"showFog":true,"showMaterialUpdate":false,"showSkybox":false,"showFlares":true,"showImageEffects":true,"showParticleSystems":true},"in2DMode":false,"pivot":{"x":-40.27806854248047,"y":-2.9766550064086916,"z":-73.85214233398438},"rotation":{"x":0.007968270219862461,"y":-0.9868977665901184,"z":0.05067631974816322,"w":0.15375840663909913},"size":63.183685302734378,"orthographic":false}