{"cameraMode":{"drawMode":0,"name":"Shaded","section":"Shading Mode"},"sceneLighting":true,"audioPlay":false,"sceneViewState":{"showFog":true,"showMaterialUpdate":false,"showSkybox":true,"showFlares":true,"showImageEffects":true,"showParticleSystems":true},"in2DMode":false,"pivot":{"x":-0.3422203063964844,"y":0.7185783386230469,"z":21.395465850830079},"rotation":{"x":0.43128910660743716,"y":0.0007169494056142867,"z":0.0005994480452500284,"w":0.9024608731269836},"size":52.18063735961914,"orthographic":false}