{"cameraMode":{"drawMode":0,"name":"Shaded","section":"Shading Mode"},"sceneLighting":false,"audioPlay":false,"sceneViewState":{"showFog":true,"showMaterialUpdate":true,"showSkybox":true,"showFlares":true,"showImageEffects":true,"showParticleSystems":true},"in2DMode":false,"pivot":{"x":12.77341365814209,"y":-6.787169456481934,"z":25.947010040283204},"rotation":{"x":-0.04646153748035431,"y":-0.039618510752916339,"z":0.0015767478616908193,"w":-0.9982307553291321},"size":67.91197967529297,"orthographic":false}